Mermelada Boutique de Durazno, 284g
Mermelada Boutique de Naranja, 284g
Mermelada Boutique de Ciruela, 284g
Mermelada Boutique de Frutilla, 284g
Mermelada Boutique de Frambuesa, 284g
Mermelada Boutique de Arándanos, 284g
Mermelada Boutique de Mora, 284g
Mermelada Boutique Light de Durazno, 250g
Mermelada Boutique Light de Ciruela, 250g
Mermelada Boutique Light de Naranja, 250g
Mermelada Boutique Light de Frutilla, 250g
Mermelada Boutique Light de Arándano, 250g
Mermelada Boutique Light de Frambuesa, 250g
Mermelada de Arándano, 454g
Mermelada de Ciruela, 454g
Mermelada de Damasco, 454g
Mermelada de Durazno, 454g
Mermelada de Frambuesa, 454g
Mermelada de Frutilla, 454g
Mermelada Jale de Membrillo, 454g
Mermelada de Naranja, 454g
Mermelada de Tomate, 454g
Mermelada Light de Arándano, 390g
Mermelada Light de Ciruela, 390g
Mermelada Light de Damasco, 390g
Mermelada Light de Durazno, 390g
Mermelada Light de Frambuesa, 390g
Mermelada Light de Frutilla, 390g
Mermelada Light de Membrillo, 390g
Mermelada Light de Naranja, 390g
Puré clásico, 260g
Puré clásico, 520g
Pulpa de tomate, 520g
Extracto triple, 180g
Extracto doble tomate, 145g
Tomate entero perita con Albahaca, 400g
Tomate entero pelado con jugo de tomate, 400g
Tomate entero pelado con puré de tomate, 400g
Salsa Pomarola, 350g
Salsa Portuguesa, 350g
Salsa Napolitana, 350g
Salsa Pizza, 350g
Salsa Filetto, 350g
Salsa Pomarola Light, 350g
Salsa Portuguesa Light, 350g
Salsa Pizza Light, 350g
Salsa Filetto Light, 350g
Arvejas secas remojadas, 350g
Porotos Secos Remojados, 350g
Garbanzos secos remojados, 350g
Jardinera de verduras, 350g
Choclo grano blanco, 350g
Choclo cremoso grano blanco, 350g
Choclo grano amarillo, 350g
Choclo cremoso grano amarillo, 350g
Pimientos enteros, 160g
Pimientos en trozos, 180g
Dulce de Batata, 700g
Dulce de Membrillo, 700g
Dulce de Batata con Chocolate, 700g
Dulce de Batata Light, 610g
Dulce de Membrillo Llight, 610g
Duraznos en almíbar en mitades, 820g
Damascos en almíbar en mitades, 820g
Coctel 4 frutas, 820g
Coctel 5 Frutas, 820g
Peras en almíbar en rodajas, 820g
Ensalada de frutas en almbíbar, 820g
Coctel 4 frutas Light, 820g
Coctel 5 frutas Light, 800g
Peras en mitades light, 800g
